{"SERVER_RESULTS_P": 0.5677835281654475, "_timestamp": 1668083211.3648698, "SERVER_RESULTS_R": 0.3798641336182408, "SERVER_RESULTS_mAP@.5": 0.40036768607497003, "SERVER_RESULTS_mAP@.5-.95": 0.22557503790866762, "SERVER_RESULTS_val_loss(box)": 0.05268118157982826, "SERVER_RESULTS_val_loss(obj)": 0.05467155948281288, "SERVER_RESULTS_val_loss(cls)": 0.03169677034020424, "SERVER_CLIENTS_0_CLASS_56": 0.0006274952586916804, "SERVER_CLIENTS_1_CLASS_60": 0.0, "_runtime": 88478.22927093506, "_step": 65, "SERVER_INNER_RESULTS_mAP@.5-.95": 0.11374662957284773, "SERVER_INNER_CLIENTS_0_CLASS_56": 0.0008999588586571159, "SERVER_INNER_CLIENTS_1_CLASS_60": 5.519323505323717e-05, "CLIENTS_0_INNER_RESULTS_mAP@.5-.95": 0.11881600581031479, "CLIENTS_0_INNER_CLASS_56": 0.0022588074444457353, "CLIENTS_0_INNER_CLASS_60": 9.967627041185853e-05, "CLIENTS_1_INNER_RESULTS_mAP@.5-.95": 0.10539477748185608, "CLIENTS_1_INNER_CLASS_56": 0.0021410429166938937, "CLIENTS_1_INNER_CLASS_60": 0.0, "_wandb": {"runtime": 90416}}