{"SERVER_RESULTS_P": 0.5677835281654475, "_timestamp": 1667995650.2725775, "SERVER_RESULTS_R": 0.3798641336182408, "SERVER_RESULTS_mAP@.5": 0.40036768607497003, "SERVER_RESULTS_mAP@.5-.95": 0.22557503790866762, "SERVER_RESULTS_val_loss(box)": 0.05268118157982826, "SERVER_RESULTS_val_loss(obj)": 0.05467155948281288, "SERVER_RESULTS_val_loss(cls)": 0.03169677034020424, "SERVER_CLIENTS_0_CLASS_56": 0.0006274952586916804, "SERVER_CLIENTS_1_CLASS_60": 0.0, "_runtime": 917.1369786262512, "_step": 1, "SERVER_INNER_RESULTS_mAP@.5-.95": 0.19965456683978136, "SERVER_INNER_CLIENTS_0_CLASS_56": 0.0008897636349242243, "SERVER_INNER_CLIENTS_1_CLASS_60": 9.143540615151567e-05}