{"SERVER_RESULTS_P": 0.5677835281654475, "_timestamp": 1667996571.7755277, "SERVER_RESULTS_R": 0.3798641336182408, "SERVER_RESULTS_mAP@.5": 0.40036768607497003, "SERVER_RESULTS_mAP@.5-.95": 0.22557503790866762, "SERVER_RESULTS_val_loss(box)": 0.05268118157982826, "SERVER_RESULTS_val_loss(obj)": 0.05467496067285538, "SERVER_RESULTS_val_loss(cls)": 0.03169677034020424, "SERVER_CLIENTS_0_CLASS_56": 0.0006274952586916804, "SERVER_CLIENTS_1_CLASS_60": 0.0, "_runtime": 2011.9698235988617, "_step": 7, "CLIENTS_0_INNER_RESULTS_mAP@.5-.95": 0.20760077583315364, "CLIENTS_0_INNER_CLASS_56": 0.001048869544027885, "CLIENTS_0_INNER_CLASS_60": 0.00010697546233075156, "CLIENTS_1_INNER_RESULTS_mAP@.5-.95": 0.19323558713882844, "CLIENTS_1_INNER_CLASS_56": 0.0012229917530730667, "CLIENTS_1_INNER_CLASS_60": 7.387750777430256e-05}