{"SERVER_RESULTS_P": 0.5677835281654475, "_timestamp": 1668061376.2307832, "SERVER_RESULTS_R": 0.3798641336182408, "SERVER_RESULTS_mAP@.5": 0.40036768607497003, "SERVER_RESULTS_mAP@.5-.95": 0.22557503790866762, "SERVER_RESULTS_val_loss(box)": 0.05268118157982826, "SERVER_RESULTS_val_loss(obj)": 0.05467496067285538, "SERVER_RESULTS_val_loss(cls)": 0.03169677034020424, "SERVER_CLIENTS_0_CLASS_56": 0.0006274952586916804, "SERVER_CLIENTS_1_CLASS_60": 0.0, "_runtime": 66816.42507910728, "_step": 201, "CLIENTS_0_INNER_RESULTS_mAP@.5-.95": 0.17507096695015975, "CLIENTS_0_INNER_CLASS_56": 0.003247269656674477, "CLIENTS_0_INNER_CLASS_60": 0.00042305173896633986, "CLIENTS_1_INNER_RESULTS_mAP@.5-.95": 0.1701324159047616, "CLIENTS_1_INNER_CLASS_56": 0.002969007309113688, "CLIENTS_1_INNER_CLASS_60": 0.0010910181950131441, "_wandb": {"runtime": 66845}}