{"SERVER_RESULTS_P": 0.5677835281654475, "_timestamp": 1668082982.7011163, "SERVER_RESULTS_R": 0.3798641336182408, "SERVER_RESULTS_mAP@.5": 0.40036768607497003, "SERVER_RESULTS_mAP@.5-.95": 0.22557503790866762, "SERVER_RESULTS_val_loss(box)": 0.05268118157982826, "SERVER_RESULTS_val_loss(obj)": 0.05467282608151436, "SERVER_RESULTS_val_loss(cls)": 0.03169677034020424, "SERVER_CLIENTS_0_CLASS_56": 0.0006274952586916804, "SERVER_CLIENTS_1_CLASS_60": 0.0, "_runtime": 88294.17070031166, "_step": 121, "SERVER_INNER_RESULTS_mAP@.5-.95": 0.1999131911329975, "SERVER_INNER_CLIENTS_0_CLASS_56": 0.0009170532413170949, "SERVER_INNER_CLIENTS_1_CLASS_60": 9.423979698424336e-05, "CLIENTS_0_INNER_RESULTS_mAP@.5-.95": 0.10461926361995895, "CLIENTS_0_INNER_CLASS_56": 0.0018969280176989814, "CLIENTS_0_INNER_CLASS_60": 4.560224975077775e-05, "CLIENTS_1_INNER_RESULTS_mAP@.5-.95": 0.09566214063338954, "CLIENTS_1_INNER_CLASS_56": 0.001418811307350734, "CLIENTS_1_INNER_CLASS_60": 5.6710264455072117e-05, "_wandb": {"runtime": 90456}}