{"SERVER_RESULTS_P": 0.5677835281654475, "_timestamp": 1668083798.3395061, "SERVER_RESULTS_R": 0.3798641336182408, "SERVER_RESULTS_mAP@.5": 0.40036768607497003, "SERVER_RESULTS_mAP@.5-.95": 0.22557503790866762, "SERVER_RESULTS_val_loss(box)": 0.05268118157982826, "SERVER_RESULTS_val_loss(obj)": 0.05467233806848526, "SERVER_RESULTS_val_loss(cls)": 0.03169677034020424, "SERVER_CLIENTS_0_CLASS_56": 0.0006274952586916804, "SERVER_CLIENTS_1_CLASS_60": 0.0, "_runtime": 89136.6980600357, "_step": 169, "SERVER_INNER_RESULTS_mAP@.5-.95": 0.19964714592597357, "SERVER_INNER_CLIENTS_0_CLASS_56": 0.0008897943927982401, "SERVER_INNER_CLIENTS_1_CLASS_60": 9.143671078295728e-05, "CLIENTS_0_INNER_RESULTS_mAP@.5-.95": 0.09995009621883659, "CLIENTS_0_INNER_CLASS_56": 0.0019264474056278082, "CLIENTS_0_INNER_CLASS_60": 5.389465356899624e-05, "CLIENTS_1_INNER_RESULTS_mAP@.5-.95": 0.0918349404995679, "CLIENTS_1_INNER_CLASS_56": 0.0018950414530555452, "CLIENTS_1_INNER_CLASS_60": 6.983073293695118e-05, "_wandb": {"runtime": 90478}}