{"SERVER_RESULTS_P": 0.5677835281654475, "_timestamp": 1667996137.4933271, "SERVER_RESULTS_R": 0.3798641336182408, "SERVER_RESULTS_mAP@.5": 0.40036768607497003, "SERVER_RESULTS_mAP@.5-.95": 0.22557503790866762, "SERVER_RESULTS_val_loss(box)": 0.05268118157982826, "SERVER_RESULTS_val_loss(obj)": 0.05467233806848526, "SERVER_RESULTS_val_loss(cls)": 0.03169677034020424, "SERVER_CLIENTS_0_CLASS_56": 0.0006274952586916804, "SERVER_CLIENTS_1_CLASS_60": 0.0, "_runtime": 1475.8518810272217, "_step": 4, "SERVER_INNER_RESULTS_mAP@.5-.95": 0.19964714592597357, "SERVER_INNER_CLIENTS_0_CLASS_56": 0.0008897943927982401, "SERVER_INNER_CLIENTS_1_CLASS_60": 9.143671078295728e-05, "CLIENTS_0_INNER_RESULTS_mAP@.5-.95": 0.2065496951319893, "CLIENTS_0_INNER_CLASS_56": 0.0012625085312609056, "CLIENTS_0_INNER_CLASS_60": 0.00010504214993814378}