{"SERVER_RESULTS_P": 0.17707507021959903, "_timestamp": 1668050947.5433607, "SERVER_RESULTS_R": 0.22685347630802166, "SERVER_RESULTS_mAP@.5": 0.16092829789273363, "SERVER_RESULTS_mAP@.5-.95": 0.08570780374530702, "SERVER_RESULTS_val_loss(box)": 0.05318386107683182, "SERVER_RESULTS_val_loss(obj)": 0.060344062745571136, "SERVER_RESULTS_val_loss(cls)": 0.21408246457576752, "SERVER_CLIENTS_0_CLASS_56": 0.0, "SERVER_CLIENTS_1_CLASS_60": 0.0, "_runtime": 56370.68883180618, "_step": 50, "SERVER_INNER_RESULTS_mAP@.5-.95": 0.1699625988882157, "SERVER_INNER_CLIENTS_0_CLASS_56": 0.0009476456701709012, "SERVER_INNER_CLIENTS_1_CLASS_60": 9.736885067597887e-05, "CLIENTS_0_INNER_RESULTS_mAP@.5-.95": 0.20281434325416497, "CLIENTS_0_INNER_CLASS_56": 0.0010691890609073362, "CLIENTS_0_INNER_CLASS_60": 0.0001067478560737778, "CLIENTS_0_RESULTS_mAP@.5-.95": 0.09550773070086531, "CLIENTS_0_CLASS_56": 0.0021311081698381527, "CLIENTS_0_CLASS_60": 0.0003928774111162748, "CLIENTS_1_INNER_RESULTS_mAP@.5-.95": 0.19347718609182468, "CLIENTS_1_INNER_CLASS_56": 0.0009014146026580482, "CLIENTS_1_INNER_CLASS_60": 7.423012105750209e-05, "CLIENTS_1_RESULTS_mAP@.5-.95": 0.08814422034143801, "CLIENTS_1_CLASS_56": 0.002143605346590837, "CLIENTS_1_CLASS_60": 0.0, "_wandb": {"runtime": 56370}}