{"SERVER_RESULTS_P": 0.5840163921259915, "_timestamp": 1667996794.0443897, "SERVER_RESULTS_R": 0.37964459566058756, "SERVER_RESULTS_mAP@.5": 0.40137859658015895, "SERVER_RESULTS_mAP@.5-.95": 0.2277080697414462, "SERVER_RESULTS_val_loss(box)": 0.05147786810994148, "SERVER_RESULTS_val_loss(obj)": 0.054501406848430634, "SERVER_RESULTS_val_loss(cls)": 0.036906953901052475, "SERVER_CLIENTS_0_CLASS_56": 0.000765545225551718, "SERVER_CLIENTS_1_CLASS_60": 7.56193634627419e-05, "_runtime": 2217.1898608207703, "_step": 1, "SERVER_INNER_RESULTS_mAP@.5-.95": 0.1699625988882157, "SERVER_INNER_CLIENTS_0_CLASS_56": 0.0009476456701709012, "SERVER_INNER_CLIENTS_1_CLASS_60": 9.736885067597887e-05, "CLIENTS_0_INNER_RESULTS_mAP@.5-.95": 0.20281434325416497, "CLIENTS_0_INNER_CLASS_56": 0.0010691890609073362, "CLIENTS_0_INNER_CLASS_60": 0.0001067478560737778, "CLIENTS_0_RESULTS_mAP@.5-.95": 0.20685463640460547, "CLIENTS_0_CLASS_56": 0.0013282993126277113, "CLIENTS_0_CLASS_60": 3.3661632233633856e-05, "CLIENTS_1_INNER_RESULTS_mAP@.5-.95": 0.19347718609182468, "CLIENTS_1_INNER_CLASS_56": 0.0009014146026580482, "CLIENTS_1_INNER_CLASS_60": 7.423012105750209e-05, "CLIENTS_1_RESULTS_mAP@.5-.95": 0.19347718609182468, "CLIENTS_1_CLASS_56": 0.0009014146026580482, "CLIENTS_1_CLASS_60": 7.423012105750209e-05}