{"SERVER_RESULTS_P": 0.5677835281654475, "_timestamp": 1667995436.188841, "SERVER_RESULTS_R": 0.3798641336182408, "SERVER_RESULTS_mAP@.5": 0.40036768607497003, "SERVER_RESULTS_mAP@.5-.95": 0.22557503790866762, "SERVER_RESULTS_val_loss(box)": 0.05268118157982826, "SERVER_RESULTS_val_loss(obj)": 0.054675254970788956, "SERVER_RESULTS_val_loss(cls)": 0.03169677034020424, "SERVER_CLIENTS_0_CLASS_56": 0.0006274952586916804, "SERVER_CLIENTS_1_CLASS_60": 0.0, "_runtime": 646.5093622207642, "_step": 4, "CLIENTS_0_INNER_RESULTS_mAP@.5-.95": 0.20459680018328424, "CLIENTS_0_INNER_CLASS_56": 0.001118368413633752, "CLIENTS_0_INNER_CLASS_60": 0.00010607100085588663}