{"SERVER_RESULTS_P": 0.5677835281654475, "_timestamp": 1667996643.2285757, "SERVER_RESULTS_R": 0.3798641336182408, "SERVER_RESULTS_mAP@.5": 0.40036768607497003, "SERVER_RESULTS_mAP@.5-.95": 0.22557503790866762, "SERVER_RESULTS_val_loss(box)": 0.05268118157982826, "SERVER_RESULTS_val_loss(obj)": 0.054675254970788956, "SERVER_RESULTS_val_loss(cls)": 0.03169677034020424, "SERVER_CLIENTS_0_CLASS_56": 0.0006274952586916804, "SERVER_CLIENTS_1_CLASS_60": 0.0, "_runtime": 1853.5490968227386, "_step": 5, "CLIENTS_0_INNER_RESULTS_mAP@.5-.95": 0.20412615964268904, "CLIENTS_0_INNER_CLASS_56": 0.0012712013189746941, "CLIENTS_0_INNER_CLASS_60": 3.441464328996916e-05, "CLIENTS_1_INNER_RESULTS_mAP@.5-.95": 0.1914603065723092, "CLIENTS_1_INNER_CLASS_56": 0.0012299914517591019, "CLIENTS_1_INNER_CLASS_60": 7.526048724896688e-05}