{"SERVER_RESULTS_P": 0.5677835281654475, "_timestamp": 1668061451.926408, "SERVER_RESULTS_R": 0.3798641336182408, "SERVER_RESULTS_mAP@.5": 0.40036768607497003, "SERVER_RESULTS_mAP@.5-.95": 0.22557503790866762, "SERVER_RESULTS_val_loss(box)": 0.05268118157982826, "SERVER_RESULTS_val_loss(obj)": 0.054675254970788956, "SERVER_RESULTS_val_loss(cls)": 0.03169677034020424, "SERVER_CLIENTS_0_CLASS_56": 0.0006274952586916804, "SERVER_CLIENTS_1_CLASS_60": 0.0, "_runtime": 66662.2469291687, "_step": 201, "CLIENTS_0_INNER_RESULTS_mAP@.5-.95": 0.2083406836135177, "CLIENTS_0_INNER_CLASS_56": 0.00105849306139575, "CLIENTS_0_INNER_CLASS_60": 7.262650999776222e-05, "CLIENTS_1_INNER_RESULTS_mAP@.5-.95": 0.19542931569207905, "CLIENTS_1_INNER_CLASS_56": 0.0012197180274358612, "CLIENTS_1_INNER_CLASS_60": 7.421757785459235e-05, "_wandb": {"runtime": 66691}}