{"SERVER_RESULTS_P": 0.573453349041404, "_timestamp": 1667996709.3985403, "SERVER_RESULTS_R": 0.37653619788327414, "SERVER_RESULTS_mAP@.5": 0.3958930841934062, "SERVER_RESULTS_mAP@.5-.95": 0.22565435419786936, "SERVER_RESULTS_val_loss(box)": 0.05157647281885147, "SERVER_RESULTS_val_loss(obj)": 0.05631149187684059, "SERVER_RESULTS_val_loss(cls)": 0.036747682839632034, "SERVER_CLIENTS_0_CLASS_56": 0.0, "SERVER_CLIENTS_1_CLASS_60": 0.0001054933196898308, "_runtime": 2167.7537763118744, "_step": 7, "CLIENTS_0_INNER_RESULTS_mAP@.5-.95": 0.20824848227793055, "CLIENTS_0_INNER_CLASS_56": 0.0013265982075322906, "CLIENTS_0_INNER_CLASS_60": 3.371519742205241e-05, "CLIENTS_0_RESULTS_mAP@.5-.95": 0.21174581692871336, "CLIENTS_0_CLASS_56": 0.001280469222461718, "CLIENTS_0_CLASS_60": 7.312387994219826e-05, "CLIENTS_1_INNER_RESULTS_mAP@.5-.95": 0.19248365650522775, "CLIENTS_1_INNER_CLASS_56": 0.001271571621218046, "CLIENTS_1_INNER_CLASS_60": 7.726169917101663e-05, "CLIENTS_1_RESULTS_mAP@.5-.95": 0.19802613585387624, "CLIENTS_1_CLASS_56": 0.0012606672070491925, "CLIENTS_1_CLASS_60": 3.823213898997546e-05}