{"SERVER_RESULTS_P": 0.5767520144911137, "_timestamp": 1667996404.013065, "SERVER_RESULTS_R": 0.37896378240179646, "SERVER_RESULTS_mAP@.5": 0.3992109552986804, "SERVER_RESULTS_mAP@.5-.95": 0.22769995015411704, "SERVER_RESULTS_val_loss(box)": 0.05159515514969826, "SERVER_RESULTS_val_loss(obj)": 0.055614180862903595, "SERVER_RESULTS_val_loss(cls)": 0.03520156443119049, "SERVER_CLIENTS_0_CLASS_56": 0.0, "SERVER_CLIENTS_1_CLASS_60": 9.861349182509598e-05, "_runtime": 1862.368301153183, "_step": 6, "CLIENTS_0_INNER_RESULTS_mAP@.5-.95": 0.20824848227793055, "CLIENTS_0_INNER_CLASS_56": 0.0013265982075322906, "CLIENTS_0_INNER_CLASS_60": 3.371519742205241e-05, "CLIENTS_0_RESULTS_mAP@.5-.95": 0.21241096792717964, "CLIENTS_0_CLASS_56": 0.001246863282570588, "CLIENTS_0_CLASS_60": 7.136886564857348e-05, "CLIENTS_1_INNER_RESULTS_mAP@.5-.95": 0.19248365650522775, "CLIENTS_1_INNER_CLASS_56": 0.001271571621218046, "CLIENTS_1_INNER_CLASS_60": 7.726169917101663e-05, "CLIENTS_1_RESULTS_mAP@.5-.95": 0.1995805795447015, "CLIENTS_1_CLASS_56": 0.0015506451880215977, "CLIENTS_1_CLASS_60": 3.663841780764313e-05}