{"SERVER_RESULTS_P": 0.47186671431332394, "_timestamp": 1668009359.7084975, "SERVER_RESULTS_R": 0.2644339918765025, "SERVER_RESULTS_mAP@.5": 0.2466827312770949, "SERVER_RESULTS_mAP@.5-.95": 0.12558630451268554, "SERVER_RESULTS_val_loss(box)": 0.05300898477435112, "SERVER_RESULTS_val_loss(obj)": 0.07806148380041122, "SERVER_RESULTS_val_loss(cls)": 0.11913975328207016, "SERVER_CLIENTS_0_CLASS_56": 0.0, "SERVER_CLIENTS_1_CLASS_60": 0.0, "_runtime": 14818.063733577728, "_step": 50, "CLIENTS_0_INNER_RESULTS_mAP@.5-.95": 0.20824848227793055, "CLIENTS_0_INNER_CLASS_56": 0.0013265982075322906, "CLIENTS_0_INNER_CLASS_60": 3.371519742205241e-05, "CLIENTS_0_RESULTS_mAP@.5-.95": 0.17402256093173588, "CLIENTS_0_CLASS_56": 0.003084371897960865, "CLIENTS_0_CLASS_60": 0.00042301479276746933, "CLIENTS_1_INNER_RESULTS_mAP@.5-.95": 0.19248365650522775, "CLIENTS_1_INNER_CLASS_56": 0.001271571621218046, "CLIENTS_1_INNER_CLASS_60": 7.726169917101663e-05, "CLIENTS_1_RESULTS_mAP@.5-.95": 0.1664982042125398, "CLIENTS_1_CLASS_56": 0.001837174306712917, "CLIENTS_1_CLASS_60": 0.0010428874592687543, "_wandb": {"runtime": 14817}}