{"SERVER_RESULTS_P": 0.5677835281654475, "_timestamp": 1668084370.9217937, "SERVER_RESULTS_R": 0.3798641336182408, "SERVER_RESULTS_mAP@.5": 0.40036768607497003, "SERVER_RESULTS_mAP@.5-.95": 0.22557503790866762, "SERVER_RESULTS_val_loss(box)": 0.05268118157982826, "SERVER_RESULTS_val_loss(obj)": 0.0546727254986763, "SERVER_RESULTS_val_loss(cls)": 0.03169677034020424, "SERVER_CLIENTS_0_CLASS_56": 0.0006274952586916804, "SERVER_CLIENTS_1_CLASS_60": 0.0, "_runtime": 89757.1619207859, "_step": 47, "SERVER_INNER_RESULTS_mAP@.5-.95": 0.09641000354017351, "SERVER_INNER_CLIENTS_0_CLASS_56": 0.0014087788625057219, "SERVER_INNER_CLIENTS_1_CLASS_60": 0.0, "_wandb": {"runtime": 90506}}